url,lat,long
"https://www.google.com/maps/place/Dulce+De+Leche+Bakery/@40.7476428,-74.0527625,17z/data=!3m1!4b1!4m6!3m5!1s0x89c2576bd9dd510b:0x54a973d7ab1c6e8d!8m2!3d40.7476388!4d-74.0478916!16s%2Fg%2F11c208cf_z?entry=ttu",40.7476428,-74.0527625
"https://www.google.com/maps/place/Dulce+De+Leche+Bakery/@40.7933982,-74.015315,16z/data=!3m1!4b1!4m6!3m5!1s0x89c2580c0030442b:0xc9b5c71a0c0fb21b!8m2!3d40.7933942!4d-74.0127401!16s%2Fg%2F1tflh3zh?entry=ttu",40.7933982,-74.015315
"https://www.google.com/maps/place/Dulce+de+Leche+Bakery/@40.8955358,-73.9798118,17z/data=!3m1!4b1!4m6!3m5!1s0x89c2f1932bd68ccd:0x55ca8a6bc44bd2c1!8m2!3d40.8955318!4d-73.9772369!16s%2Fg%2F11j79ttqpv?entry=ttu",40.8955358,-73.9798118
"https://www.google.com/maps/place/Olga's+Diner/@39.8985545,-74.9335449,17z/data=!3m1!4b1!4m6!3m5!1s0x89c135bb2f3a5c87:0x7f9384da8ec05ba8!8m2!3d39.8985504!4d-74.93097!16s%2Fg%2F11h3qwvcp0?entry=ttu",39.8985545,-74.9335449
"https://www.google.com/maps/place/Houlihan's/@40.412303,-74.1508439,16z/data=!3m1!4b1!4m6!3m5!1s0x89c233f219df7b8f:0xefdc286f12aacea!8m2!3d40.412299!4d-74.145973!16s%2Fg%2F1tdch8bq?entry=ttu",40.412303,-74.1508439
"https://www.google.com/maps/place/Rumba+Cubana/@40.7783059,-74.0355059,15.26z/data=!4m11!1m4!7m3!1m1!1s104415763384984434922!2e2!3m5!1s0x89c257f4fa05bef1:0xc4f3ea6b08fc08ff!8m2!3d40.784076!4d-74.0336385!16s%2Fg%2F1264lvbsk?entry=ttu&g_ep=EgoyMDI0MDgyMS4wIKXMDSoASAFQAw%3D%3D",40.7783059,-74.0355059
"https://www.google.com/maps/place/Rumba+Cubana/@40.7274999,-74.0464528,16z/data=!4m16!1m9!3m8!1s0x89c2574c67ff1fdd:0x9505e4f2f8b79bf6!2sRumba+Cubana!8m2!3d40.7274999!4d-74.0438779!9m1!1b1!16s%2Fg%2F11f7r4fq7s!3m5!1s0x89c2574c67ff1fdd:0x9505e4f2f8b79bf6!8m2!3d40.7274999!4d-74.0438779!16s%2Fg%2F11f7r4fq7s?entry=ttu&g_ep=EgoyMDI0MDgyMS4wIKXMDSoASAFQAw%3D%3D",40.7274999,-74.0464528
"https://www.google.com/maps/place/Tire+%26+Ride+Mobile/@33.7226838,-84.3977059,17z/data=!3m1!4b1!4m6!3m5!1s0x88f503f06a342aab:0x3cc6d40666ffdc1f!8m2!3d33.7226839!4d-84.3928403!16s%2Fg%2F11jg5dgy2g?entry=ttu&g_ep=EgoyMDI0MDgyMS4wIKXMDSoASAFQAw%3D%3D",33.7226838,-84.3977059
"https://www.google.com/maps/place/Patricias+of+Holmdel/@40.412299,-74.145973,16z/data=!4m16!1m9!3m8!1s0x89c233f219df7b8f:0xefdc286f12aacea!2sHoulihan's!8m2!3d40.412299!4d-74.145973!9m1!1b1!16s%2Fg%2F1tdch8bq!3m5!1s0x89c233ed428c0b55:0xfbd433f151967c3b!8m2!3d40.4113818!4d-74.1475172!16s%2Fg%2F11bx9xd7h6?entry=ttu&g_ep=EgoyMDI0MDgyMS4wIKXMDSoASAFQAw%3D%3D",40.412299,-74.145973
"https://www.google.com/maps/place/Over+Easy+Kitchen+-+Holmdel/@40.412299,-74.145973,16z/data=!4m16!1m9!3m8!1s0x89c233f219df7b8f:0xefdc286f12aacea!2sHoulihan's!8m2!3d40.412299!4d-74.145973!9m1!1b1!16s%2Fg%2F1tdch8bq!3m5!1s0x89c233590b3b95c7:0x599f0c52b3d23c6d!8m2!3d40.4139527!4d-74.1480256!16s%2Fg%2F11f76tjkxs?entry=ttu&g_ep=EgoyMDI0MDgyMS4wIKXMDSoASAFQAw%3D%3D",40.412299,-74.145973
"https://www.google.com/maps/place/Texas+Roadhouse/@40.412299,-74.145973,16z/data=!4m16!1m9!3m8!1s0x89c233f219df7b8f:0xefdc286f12aacea!2sHoulihan's!8m2!3d40.412299!4d-74.145973!9m1!1b1!16s%2Fg%2F1tdch8bq!3m5!1s0x89c233f0396c8309:0x7e4d7da35ee0f364!8m2!3d40.4133089!4d-74.1436176!16s%2Fg%2F11b7jhsl6j?entry=ttu&g_ep=EgoyMDI0MDgyMS4wIKXMDSoASAFQAw%3D%3D",40.412299,-74.145973
"https://www.google.com/maps/place/Brightview+Holmdel+(Welcome+Center+Open)+-+Senior+Independent+Living,+Assisted+Living,+Memory+Care/@40.412299,-74.145973,16z/data=!4m16!1m9!3m8!1s0x89c233f219df7b8f:0xefdc286f12aacea!2sHoulihan's!8m2!3d40.412299!4d-74.145973!9m1!1b1!16s%2Fg%2F1tdch8bq!3m5!1s0x89c2330fb5c2238d:0x8279916793e02116!8m2!3d40.4147998!4d-74.153657!16s%2Fg%2F11y1yswk16?entry=ttu&g_ep=EgoyMDI0MDgyMS4wIKXMDSoASAFQAw%3D%3D",40.412299,-74.145973
"https://www.google.com/maps/place/Livoti's+Old+World+Market/@40.4012537,-74.1199019,16z/data=!4m16!1m9!3m8!1s0x89c233f219df7b8f:0xefdc286f12aacea!2sHoulihan's!8m2!3d40.412299!4d-74.145973!9m1!1b1!16s%2Fg%2F1tdch8bq!3m5!1s0x89c23142b89cc3b3:0x9ce05770c8c75fe3!8m2!3d40.3988559!4d-74.1106036!16s%2Fg%2F11d_71zkxq?entry=ttu&g_ep=EgoyMDI0MDgyMS4wIKXMDSoASAFQAw%3D%3D",40.4012537,-74.1199019
"https://www.google.com/maps/place/Taliercio's+Ultimate+Gourmet/@40.3748749,-74.0891316,16z/data=!3m1!5s0x89c231091ccc6c57:0x72588fc1c152ecfb!4m16!1m9!3m8!1s0x89c233f219df7b8f:0xefdc286f12aacea!2sHoulihan's!8m2!3d40.412299!4d-74.145973!9m1!1b1!16s%2Fg%2F1tdch8bq!3m5!1s0x89c2310907bb60eb:0x22651766ab72f7f5!8m2!3d40.3766321!4d-74.0930554!16s%2Fg%2F1tkl46rl?entry=ttu&g_ep=EgoyMDI0MDgyMS4wIKXMDSoASAFQAw%3D%3D",40.3748749,-74.0891316
"https://www.google.com/maps/place/Brennan's+Delicatessen+of+Middletown/@40.3633166,-74.0814069,16z/data=!4m16!1m9!3m8!1s0x89c233f219df7b8f:0xefdc286f12aacea!2sHoulihan's!8m2!3d40.412299!4d-74.145973!9m1!1b1!16s%2Fg%2F1tdch8bq!3m5!1s0x89c2319246f0d40b:0xe72b62dd6042046!8m2!3d40.3636117!4d-74.0822185!16s%2Fg%2F11h3nj6vs8?entry=ttu&g_ep=EgoyMDI0MDgyMS4wIKXMDSoASAFQAw%3D%3D",40.3633166,-74.0814069
"https://www.google.com/maps/place/Brennan's+Delicatessen+of+Middletown/@40.3633166,-74.0814069,16z/data=!4m16!1m9!3m8!1s0x89c233f219df7b8f:0xefdc286f12aacea!2sHoulihan's!8m2!3d40.412299!4d-74.145973!9m1!1b1!16s%2Fg%2F1tdch8bq!3m5!1s0x89c2319246f0d40b:0xe72b62dd6042046!8m2!3d40.3636117!4d-74.0822185!16s%2Fg%2F11h3nj6vs8?entry=ttu&g_ep=EgoyMDI0MDgyMS4wIKXMDSoASAFQAw%3D%3D",40.3633166,-74.0814069
"https://www.google.com/maps/place/Red+Bank+Diner/@40.347799,-74.0698412,16z/data=!4m16!1m9!3m8!1s0x89c233f219df7b8f:0xefdc286f12aacea!2sHoulihan's!8m2!3d40.412299!4d-74.145973!9m1!1b1!16s%2Fg%2F1tdch8bq!3m5!1s0x89c23039e418fda7:0x505e47f880b5acc2!8m2!3d40.346124!4d-74.064602!16s%2Fg%2F1vg6vn3k?entry=ttu&g_ep=EgoyMDI0MDgyMS4wIKXMDSoASAFQAw%3D%3D",40.347799,-74.0698412
"https://www.google.com/maps/place/Jay+%26+Silent+Bob's+Secret+Stash/@40.347799,-74.0698412,16z/data=!4m6!3m5!1s0x89c230480817ba43:0x50710dddc4535726!8m2!3d40.3499727!4d-74.0651951!16s%2Fg%2F1hc0xfkzw?entry=ttu&g_ep=EgoyMDI0MDgyMS4wIKXMDSoASAFQAw%3D%3D",40.347799,-74.0698412
"https://www.google.com/maps/place/Road+Runner+Sports/@40.3332428,-74.0656355,16z/data=!4m6!3m5!1s0x89c23026761f1c09:0x3cb2e88263c04891!8m2!3d40.3350573!4d-74.0637012!16s%2Fg%2F1tdbrsgt?entry=ttu&g_ep=EgoyMDI0MDgyMS4wIKXMDSoASAFQAw%3D%3D",40.3332428,-74.0656355
"https://www.google.com/maps/place/SEPHORA/@40.3332428,-74.0656355,16z/data=!4m14!1m7!3m6!1s0x89c23026761f1c09:0x3cb2e88263c04891!2sRoad+Runner+Sports!8m2!3d40.3350573!4d-74.0637012!16s%2Fg%2F1tdbrsgt!3m5!1s0x89c231c8816d3667:0xf064a842fe4fb0b6!8m2!3d40.3306666!4d-74.061122!16s%2Fg%2F11j0jnxsx0?entry=ttu&g_ep=EgoyMDI0MDgyMS4wIKXMDSoASAFQAw%3D%3D",40.3332428,-74.0656355
"https://www.google.com/maps/place/Shrewsbury+Dental+Group/@40.3234115,-74.0635112,16z/data=!4m14!1m7!3m6!1s0x89c23026761f1c09:0x3cb2e88263c04891!2sRoad+Runner+Sports!8m2!3d40.3350573!4d-74.0637012!16s%2Fg%2F1tdbrsgt!3m5!1s0x89c6b6a0e59337d7:0x3d9d46738f49fa43!8m2!3d40.3244745!4d-74.0619551!16s%2Fg%2F11ckqhvsgt?entry=ttu&g_ep=EgoyMDI0MDgyMS4wIKXMDSoASAFQAw%3D%3D",40.3234115,-74.0635112
"https://www.google.com/maps/place/Americana+Diner/@40.3077373,-74.062567,16z/data=!4m14!1m7!3m6!1s0x89c23026761f1c09:0x3cb2e88263c04891!2sRoad+Runner+Sports!8m2!3d40.3350573!4d-74.0637012!16s%2Fg%2F1tdbrsgt!3m5!1s0x89c22fc7d1124ac1:0x1c683def79f588bd!8m2!3d40.3125117!4d-74.0647467!16s%2Fg%2F1hc6x77wl?entry=ttu&g_ep=EgoyMDI0MDgyMS4wIKXMDSoASAFQAw%3D%3D",40.3077373,-74.062567
"https://www.google.com/maps/place/DICK'S+Sporting+Goods/@40.2869365,-74.0512374,16z/data=!4m14!1m7!3m6!1s0x89c23026761f1c09:0x3cb2e88263c04891!2sRoad+Runner+Sports!8m2!3d40.3350573!4d-74.0637012!16s%2Fg%2F1tdbrsgt!3m5!1s0x89c22f3ee7e36643:0x963f08c94609cac3!8m2!3d40.2898512!4d-74.0348136!16s%2Fg%2F11ghp0q_h3?entry=ttu&g_ep=EgoyMDI0MDgyMS4wIKXMDSoASAFQAw%3D%3D",40.2869365,-74.0512374
"https://www.google.com/maps/place/Pastosa+Ravioli,+315+Highway+35,+Eatontown,+NJ+07724/@40.2869365,-74.0512374,16z/data=!4m14!1m7!3m6!1s0x89c23026761f1c09:0x3cb2e88263c04891!2sRoad+Runner+Sports!8m2!3d40.3350573!4d-74.0637012!16s%2Fg%2F1tdbrsgt!3m5!1s0x89c22fd3c14b056d:0xb5cdebd01740e728!8m2!3d40.2813934!4d-74.0475575!16s%2Fg%2F11qbfmxzwv?entry=ttu&g_ep=EgoyMDI0MDgyMS4wIKXMDSoASAFQAw%3D%3D",40.2869365,-74.0512374
"https://www.google.com/maps/place/Ray+Catena+Lexus+of+Monmouth/@40.2766564,-74.046624,16z/data=!4m14!1m7!3m6!1s0x89c23026761f1c09:0x3cb2e88263c04891!2sRoad+Runner+Sports!8m2!3d40.3350573!4d-74.0637012!16s%2Fg%2F1tdbrsgt!3m5!1s0x89c22f433307b179:0xa908b49920d0fe4f!8m2!3d40.2720146!4d-74.0422668!16s%2Fg%2F1vzqt4t9?entry=ttu&g_ep=EgoyMDI0MDgyMS4wIKXMDSoASAFQAw%3D%3D",40.2766564,-74.046624
"https://www.google.com/maps/place/Swap+For+Cash/@40.2660801,-74.0452078,16z/data=!4m14!1m7!3m6!1s0x89c23026761f1c09:0x3cb2e88263c04891!2sRoad+Runner+Sports!8m2!3d40.3350573!4d-74.0637012!16s%2Fg%2F1tdbrsgt!3m5!1s0x89c22f42b900add1:0x594e8d65b9b31e0e!8m2!3d40.2664553!4d-74.0427404!16s%2Fg%2F1ptxklkd4?entry=ttu&g_ep=EgoyMDI0MDgyMS4wIKXMDSoASAFQAw%3D%3D",40.2660801,-74.0452078
"https://www.google.com/maps/place/Miller's+Ale+House/@40.2525708,-74.0440491,16z/data=!4m14!1m7!3m6!1s0x89c23026761f1c09:0x3cb2e88263c04891!2sRoad+Runner+Sports!8m2!3d40.3350573!4d-74.0637012!16s%2Fg%2F1tdbrsgt!3m5!1s0x89c22f86fb74f32b:0x35071fcdd8e1181e!8m2!3d40.252316!4d-74.0386697!16s%2Fg%2F11kjbg56cz?entry=ttu&g_ep=EgoyMDI0MDgyMS4wIKXMDSoASAFQAw%3D%3D",40.2525708,-74.0440491
"https://www.google.com/maps/place/Wegmans/@40.2427278,-74.0421822,16z/data=!4m14!1m7!3m6!1s0x89c23026761f1c09:0x3cb2e88263c04891!2sRoad+Runner+Sports!8m2!3d40.3350573!4d-74.0637012!16s%2Fg%2F1tdbrsgt!3m5!1s0x89c228af164202d5:0xbb3cb554c37996f1!8m2!3d40.23923!4d-74.039192!16s%2Fg%2F1hc421v19?entry=ttu&g_ep=EgoyMDI0MDgyMS4wIKXMDSoASAFQAw%3D%3D",40.2427278,-74.0421822
"https://www.google.com/maps/place/Big+Dog+Construction/@40.2361267,-74.0460017,16z/data=!3m1!5s0x89c228b97c2601d5:0x867846f47ade014d!4m14!1m7!3m6!1s0x89c23026761f1c09:0x3cb2e88263c04891!2sRoad+Runner+Sports!8m2!3d40.3350573!4d-74.0637012!16s%2Fg%2F1tdbrsgt!3m5!1s0x89c228cf58fe49f9:0xe4d0c8b2516eaf16!8m2!3d40.2361441!4d-74.0484812!16s%2Fg%2F11bxfzwq3w?entry=ttu&g_ep=EgoyMDI0MDgyMS4wIKXMDSoASAFQAw%3D%3D",40.2361267,-74.0460017
"https://www.google.com/maps/place/English+Manor/@40.2361267,-74.0460017,16z/data=!4m14!1m7!3m6!1s0x89c23026761f1c09:0x3cb2e88263c04891!2sRoad+Runner+Sports!8m2!3d40.3350573!4d-74.0637012!16s%2Fg%2F1tdbrsgt!3m5!1s0x89c228a15db2d99b:0x8e228a71e3304c96!8m2!3d40.230436!4d-74.035393!16s%2Fg%2F1tdzmg8f?entry=ttu&g_ep=EgoyMDI0MDgyMS4wIKXMDSoASAFQAw%3D%3D",40.2361267,-74.0460017
"https://www.google.com/maps/place/Soul+Sistah's+Southern+Cuisine/@40.2148778,-74.0291574,16z/data=!4m14!1m7!3m6!1s0x89c23026761f1c09:0x3cb2e88263c04891!2sRoad+Runner+Sports!8m2!3d40.3350573!4d-74.0637012!16s%2Fg%2F1tdbrsgt!3m5!1s0x89c22720db379c43:0xa2d8f893027e8f68!8m2!3d40.2152583!4d-74.0249652!16s%2Fg%2F11jhxfbpgk?entry=ttu&g_ep=EgoyMDI0MDgyMS4wIKXMDSoASAFQAw%3D%3D",40.2148778,-74.0291574
"https://www.google.com/maps/place/The+James+Bradley/@40.201768,-74.0209177,16z/data=!4m17!1m7!3m6!1s0x89c23026761f1c09:0x3cb2e88263c04891!2sRoad+Runner+Sports!8m2!3d40.3350573!4d-74.0637012!16s%2Fg%2F1tdbrsgt!3m8!1s0x89c227cbc3e492f5:0x5fcdfebe337eabce!5m2!4m1!1i2!8m2!3d40.1989749!4d-74.0106511!16s%2Fg%2F1tdkyldx?entry=ttu&g_ep=EgoyMDI0MDgyMS4wIKXMDSoASAFQAw%3D%3D",40.201768,-74.0209177
"https://www.google.com/maps/place/Avon+Manor+House+at+322/@40.1966709,-74.0232137,16z/data=!4m17!1m7!3m6!1s0x89c23026761f1c09:0x3cb2e88263c04891!2sRoad+Runner+Sports!8m2!3d40.3350573!4d-74.0637012!16s%2Fg%2F1tdbrsgt!3m8!1s0x89c227c53f2c5d8d:0xb1cec7e918862120!5m2!4m1!1i2!8m2!3d40.1926756!4d-74.0171418!16s%2Fg%2F12vs6p3sk?entry=ttu&g_ep=EgoyMDI0MDgyMS4wIKXMDSoASAFQAw%3D%3D",40.1966709,-74.0232137
"https://www.google.com/maps/place/Flames+Brazilian+Steakhouse/@40.1796558,-74.0262606,16z/data=!4m14!1m7!3m6!1s0x89c23026761f1c09:0x3cb2e88263c04891!2sRoad+Runner+Sports!8m2!3d40.3350573!4d-74.0637012!16s%2Fg%2F1tdbrsgt!3m5!1s0x89c227e3eafb940f:0xeb75556d8e11b672!8m2!3d40.179203!4d-74.025444!16s%2Fg%2F11f2ckwtb2?entry=ttu&g_ep=EgoyMDI0MDgyMS4wIKXMDSoASAFQAw%3D%3D",40.1796558,-74.0262606
"https://www.google.com/maps/place/Joe%E2%80%99s+Surf+Shack/@40.1694415,-74.0292433,16z/data=!4m14!1m7!3m6!1s0x89c23026761f1c09:0x3cb2e88263c04891!2sRoad+Runner+Sports!8m2!3d40.3350573!4d-74.0637012!16s%2Fg%2F1tdbrsgt!3m5!1s0x89c2275ec6bf9feb:0xc46e221f226a4f66!8m2!3d40.1714717!4d-74.0230876!16s%2Fg%2F11gjt2rxb5?entry=ttu&g_ep=EgoyMDI0MDgyMS4wIKXMDSoASAFQAw%3D%3D",40.1694415,-74.0292433
"https://www.google.com/maps/place/Atlantic+Veterinary+Hospital/@40.1659161,-74.0324834,16z/data=!4m14!1m7!3m6!1s0x89c23026761f1c09:0x3cb2e88263c04891!2sRoad+Runner+Sports!8m2!3d40.3350573!4d-74.0637012!16s%2Fg%2F1tdbrsgt!3m5!1s0x89c187fec6822055:0xc7d619e672bacc6b!8m2!3d40.16325!4d-74.0347446!16s%2Fg%2F11c4759ypv?entry=ttu&g_ep=EgoyMDI0MDgyMS4wIKXMDSoASAFQAw%3D%3D",40.1659161,-74.0324834
"https://www.google.com/maps/place/St.+Stephen's+Green+Publick+House/@40.1580448,-74.0339854,16z/data=!4m14!1m7!3m6!1s0x89c23026761f1c09:0x3cb2e88263c04891!2sRoad+Runner+Sports!8m2!3d40.3350573!4d-74.0637012!16s%2Fg%2F1tdbrsgt!3m5!1s0x89c187fc057fe589:0xc2d786cd8936fa53!8m2!3d40.1611369!4d-74.0351711!16s%2Fg%2F1tf7hkz4?entry=ttu&g_ep=EgoyMDI0MDgyMS4wIKXMDSoASAFQAw%3D%3D",40.1580448,-74.0339854
"https://www.google.com/maps/place/Chateau+Inn+and+Suites/@40.1580448,-74.0339854,16z/data=!4m17!1m7!3m6!1s0x89c23026761f1c09:0x3cb2e88263c04891!2sRoad+Runner+Sports!8m2!3d40.3350573!4d-74.0637012!16s%2Fg%2F1tdbrsgt!3m8!1s0x89c187e3d7bbaeeb:0x2ba9006302586b12!5m2!4m1!1i2!8m2!3d40.1515837!4d-74.0334801!16s%2Fg%2F1tg_gz6n?entry=ttu&g_ep=EgoyMDI0MDgyMS4wIKXMDSoASAFQAw%3D%3D",40.1580448,-74.0339854
"https://www.google.com/maps/place/HearingLife+of+Sea+Girt+NJ/@40.1347865,-74.0419033,16z/data=!4m14!1m7!3m6!1s0x89c23026761f1c09:0x3cb2e88263c04891!2sRoad+Runner+Sports!8m2!3d40.3350573!4d-74.0637012!16s%2Fg%2F1tdbrsgt!3m5!1s0x89c187cfc325a8bf:0xbe4866381a728e3d!8m2!3d40.136307!4d-74.0425431!16s%2Fg%2F1q6cn1qlw?entry=ttu&g_ep=EgoyMDI0MDgyMS4wIKXMDSoASAFQAw%3D%3D",40.1347865,-74.0419033
"https://www.google.com/maps/place/The+Salty+Whale+and+Guesthouse/@40.1226457,-74.0489414,16z/data=!3m1!5s0x89c186256814fb5f:0xc04a25d797f25220!4m6!3m5!1s0x89c187ef7968525d:0xd3d9ea497b79052f!8m2!3d40.1167925!4d-74.0402006!16s%2Fg%2F11g10lrp96?entry=ttu&g_ep=EgoyMDI0MDgyMS4wIKXMDSoASAFQAw%3D%3D",40.1226457,-74.0489414
"https://www.google.com/maps/place/Due+Amici/@40.1088287,-74.0533617,16z/data=!4m6!3m5!1s0x89c1866bb2c78599:0x243302125c15c3f3!8m2!3d40.1072479!4d-74.0572418!16s%2Fg%2F1v2f1f21?entry=ttu&g_ep=EgoyMDI0MDgyMS4wIKXMDSoASAFQAw%3D%3D",40.1088287,-74.0533617
"https://www.google.com/maps/place/The+Big+Jamaica/@40.1088287,-74.0533617,16z/data=!4m6!3m5!1s0x89c18742020fd7a7:0x3ad9ece5c57dde21!8m2!3d40.1046928!4d-74.0544127!16s%2Fg%2F11rfqz3qqf?entry=ttu&g_ep=EgoyMDI0MDgyMS4wIKXMDSoASAFQAw%3D%3D",40.1088287,-74.0533617
"https://www.google.com/maps/place/Manasquan+River+Golf+Shop/@40.1015746,-74.0665367,16z/data=!4m6!3m5!1s0x89c1866503b1e2ab:0x3e6e324fe2956b70!8m2!3d40.1041444!4d-74.0661064!16s%2Fg%2F1td1f9t7?entry=ttu&g_ep=EgoyMDI0MDgyMS4wIKXMDSoASAFQAw%3D%3D",40.1015746,-74.0665367
"https://www.google.com/maps/place/Butler+Pharmacy/@40.07272,-74.0750462,17z/data=!3m1!4b1!4m6!3m5!1s0x89c185ca0c1dca0b:0xd2c948ded585027!8m2!3d40.0727159!4d-74.0724713!16s%2Fg%2F1vfzg1pw?entry=ttu&g_ep=EgoyMDI0MDgyMS4wIKXMDSoASAFQAw%3D%3D",40.07272,-74.0750462
"https://www.google.com/maps/place/ClimbZone/@40.1503095,-74.2247349,13z/data=!4m14!1m7!3m6!1s0x89c185ca0c1dca0b:0xd2c948ded585027!2sButler+Pharmacy!8m2!3d40.0727159!4d-74.0724713!16s%2Fg%2F1vfzg1pw!3m5!1s0x89c1818886f98e01:0x5520625ca441f2b8!8m2!3d40.1266827!4d-74.2179117!16s%2Fg%2F11h3l0p104?entry=ttu&g_ep=EgoyMDI0MDgyMS4wIKXMDSoASAFQAw%3D%3D",40.1503095,-74.2247349
"https://www.google.com/maps/place/Six+Flags+Hurricane+Harbor+New+Jersey/@40.1563449,-74.3969113,13z/data=!4m14!1m7!3m6!1s0x89c185ca0c1dca0b:0xd2c948ded585027!2sButler+Pharmacy!8m2!3d40.0727159!4d-74.0724713!16s%2Fg%2F1vfzg1pw!3m5!1s0x89c16391171f4505:0x25c5074a83daf28!8m2!3d40.1465747!4d-74.4388729!16s%2Fg%2F11fm7kscpp?entry=ttu&g_ep=EgoyMDI0MDgyMS4wIKXMDSoASAFQAw%3D%3D",40.1563449,-74.3969113
"https://www.google.com/maps/place/Timberland+Lake+Campground/@40.1541145,-74.4942433,13z/data=!4m17!1m7!3m6!1s0x89c185ca0c1dca0b:0xd2c948ded585027!2sButler+Pharmacy!8m2!3d40.0727159!4d-74.0724713!16s%2Fg%2F1vfzg1pw!3m8!1s0x89c164bc813b50c3:0xb6b2351d9b7bc08f!5m2!4m1!1i2!8m2!3d40.1223826!4d-74.4593318!16s%2Fg%2F1tdwwlkl?entry=ttu&g_ep=EgoyMDI0MDgyMS4wIKXMDSoASAFQAw%3D%3D",40.1541145,-74.4942433
"https://www.google.com/maps/place/The+Inn+at+Fernbrook+Farms/@40.109097,-74.675861,13z/data=!4m17!1m7!3m6!1s0x89c185ca0c1dca0b:0xd2c948ded585027!2sButler+Pharmacy!8m2!3d40.0727159!4d-74.0724713!16s%2Fg%2F1vfzg1pw!3m8!1s0x89c15cbada64d167:0x2d6105b6220d539b!5m2!4m1!1i2!8m2!3d40.1042612!4d-74.676436!16s%2Fg%2F1tf71vg_?entry=ttu&g_ep=EgoyMDI0MDgyMS4wIKXMDSoASAFQAw%3D%3D",40.109097,-74.675861
"https://www.google.com/maps/place/Princeton+Battlefield+State+Park/@40.2923926,-74.6995503,13z/data=!4m14!1m7!3m6!1s0x89c185ca0c1dca0b:0xd2c948ded585027!2sButler+Pharmacy!8m2!3d40.0727159!4d-74.0724713!16s%2Fg%2F1vfzg1pw!3m5!1s0x89c3e14d8de81fc9:0xc28206ff13e9032b!8m2!3d40.3308981!4d-74.6766762!16s%2Fm%2F03y91y9?entry=ttu&g_ep=EgoyMDI0MDgyMS4wIKXMDSoASAFQAw%3D%3D",40.2923926,-74.6995503
"https://www.google.com/maps/place/Maximus+Polish+Cusine/@40.2923926,-74.6995503,13z/data=!4m14!1m7!3m6!1s0x89c185ca0c1dca0b:0xd2c948ded585027!2sButler+Pharmacy!8m2!3d40.0727159!4d-74.0724713!16s%2Fg%2F1vfzg1pw!3m5!1s0x89c159254822063b:0xe270e67317ecebed!8m2!3d40.257451!4d-74.7293297!16s%2Fg%2F11pd6bbdbg?entry=ttu&g_ep=EgoyMDI0MDgyMS4wIKXMDSoASAFQAw%3D%3D",40.2923926,-74.6995503
"https://www.google.com/maps/place/Jericho+Sport+Horses/@40.3001173,-74.98159,13z/data=!4m14!1m7!3m6!1s0x89c185ca0c1dca0b:0xd2c948ded585027!2sButler+Pharmacy!8m2!3d40.0727159!4d-74.0724713!16s%2Fg%2F1vfzg1pw!3m5!1s0x89c1553bff366637:0xe9488aa93e5c9c67!8m2!3d40.2906036!4d-74.9668121!16s%2Fg%2F11j5sn1b2y?entry=ttu&g_ep=EgoyMDI0MDgyMS4wIKXMDSoASAFQAw%3D%3D",40.3001173,-74.98159
"https://www.google.com/maps/place/Grand+View+Hospital/@40.3469706,-75.3094632,13z/data=!4m14!1m7!3m6!1s0x89c185ca0c1dca0b:0xd2c948ded585027!2sButler+Pharmacy!8m2!3d40.0727159!4d-74.0724713!16s%2Fg%2F1vfzg1pw!3m5!1s0x89c41f92ddc7f809:0xe2df50326c400ff5!8m2!3d40.3627454!4d-75.3249681!16s%2Fg%2F1thf9hmm?entry=ttu&g_ep=EgoyMDI0MDgyMS4wIKXMDSoASAFQAw%3D%3D",40.3469706,-75.3094632
"https://www.google.com/maps/place/Bitcoin+Depot+-+Bitcoin+ATM/@40.3544275,-75.3499753,13z/data=!4m14!1m7!3m6!1s0x89c185ca0c1dca0b:0xd2c948ded585027!2sButler+Pharmacy!8m2!3d40.0727159!4d-74.0724713!16s%2Fg%2F1vfzg1pw!3m5!1s0x89c6c720dd3ab9c3:0xd0da40fe280976b9!8m2!3d40.365822!4d-75.3305583!16s%2Fg%2F11pl22s_d1?entry=ttu&g_ep=EgoyMDI0MDgyMS4wIKXMDSoASAFQAw%3D%3D",40.3544275,-75.3499753
"https://www.google.com/maps/place/DCP+Theatre/@40.3406905,-75.4395825,13z/data=!4m14!1m7!3m6!1s0x89c185ca0c1dca0b:0xd2c948ded585027!2sButler+Pharmacy!8m2!3d40.0727159!4d-74.0724713!16s%2Fg%2F1vfzg1pw!3m5!1s0x89c69dbcd4283285:0xcb52fcb577a0ebb8!8m2!3d40.3208743!4d-75.4255847!16s%2Fg%2F1tgcy_yc?entry=ttu&g_ep=EgoyMDI0MDgyMS4wIKXMDSoASAFQAw%3D%3D",40.3406905,-75.4395825
"https://www.google.com/maps/place/The+Eastwood+Company/@40.2884644,-75.62841,13z/data=!4m14!1m7!3m6!1s0x89c185ca0c1dca0b:0xd2c948ded585027!2sButler+Pharmacy!8m2!3d40.0727159!4d-74.0724713!16s%2Fg%2F1vfzg1pw!3m5!1s0x89c68652d29fdf1f:0x50638b7c18debeb0!8m2!3d40.2555992!4d-75.6693654!16s%2Fg%2F1twy_hlv?entry=ttu&g_ep=EgoyMDI0MDgyMS4wIKXMDSoASAFQAw%3D%3D",40.2884644,-75.62841
"https://www.google.com/maps/place/Stoudtburg+Village/@40.2271553,-76.1214215,13z/data=!4m14!1m7!3m6!1s0x89c185ca0c1dca0b:0xd2c948ded585027!2sButler+Pharmacy!8m2!3d40.0727159!4d-74.0724713!16s%2Fg%2F1vfzg1pw!3m5!1s0x89c66d28a405a777:0xabd437c485dc66e2!8m2!3d40.2396234!4d-76.0746752!16s%2Fg%2F1260qj2bp?entry=ttu&g_ep=EgoyMDI0MDgyMS4wIKXMDSoASAFQAw%3D%3D",40.2271553,-76.1214215
"https://www.google.com/maps/place/The+Copper+Horse/@40.2418326,-76.1828763,13z/data=!4m14!1m7!3m6!1s0x89c185ca0c1dca0b:0xd2c948ded585027!2sButler+Pharmacy!8m2!3d40.0727159!4d-74.0724713!16s%2Fg%2F1vfzg1pw!3m5!1s0x89c611a3d653891b:0xa53e4c435132fee3!8m2!3d40.2313842!4d-76.1988143!16s%2Fg%2F11gmt82wlg?entry=ttu&g_ep=EgoyMDI0MDgyMS4wIKXMDSoASAFQAw%3D%3D",40.2418326,-76.1828763
"https://www.google.com/maps/place/Hoover's+Farm+Market+%26+Greenhouses/@40.2188979,-76.3088757,13z/data=!4m14!1m7!3m6!1s0x89c185ca0c1dca0b:0xd2c948ded585027!2sButler+Pharmacy!8m2!3d40.0727159!4d-74.0724713!16s%2Fg%2F1vfzg1pw!3m5!1s0x89c617a0d9e3849b:0x4926bc0fd3422a56!8m2!3d40.1707983!4d-76.2420575!16s%2Fg%2F1thlp0c3?entry=ttu&g_ep=EgoyMDI0MDgyMS4wIKXMDSoASAFQAw%3D%3D",40.2188979,-76.3088757
"https://www.google.com/maps/place/ZooAmerica/@40.2658074,-76.6389805,13z/data=!4m14!1m7!3m6!1s0x89c185ca0c1dca0b:0xd2c948ded585027!2sButler+Pharmacy!8m2!3d40.0727159!4d-74.0724713!16s%2Fg%2F1vfzg1pw!3m5!1s0x89c8bb3be77c05a9:0x37277184454e7392!8m2!3d40.2880123!4d-76.6514744!16s%2Fg%2F11f147c_5j?entry=ttu&g_ep=EgoyMDI0MDgyMS4wIKXMDSoASAFQAw%3D%3D",40.2658074,-76.6389805
"https://www.google.com/maps/place/America's+Transportation+Experience+%2F+AACA+Museum,+Inc./@40.2939638,-76.6901356,13z/data=!4m14!1m7!3m6!1s0x89c185ca0c1dca0b:0xd2c948ded585027!2sButler+Pharmacy!8m2!3d40.0727159!4d-74.0724713!16s%2Fg%2F1vfzg1pw!3m5!1s0x89c8bba87cf21dcf:0x6e3b11630b7f0f6e!8m2!3d40.2983277!4d-76.6900244!16s%2Fg%2F1vd3ws5l?entry=ttu&g_ep=EgoyMDI0MDgyMS4wIKXMDSoASAFQAw%3D%3D",40.2939638,-76.6901356
"https://www.google.com/maps/place/Bite+into+Maine/@43.7245079,-70.3217243,14z/data=!4m15!1m8!3m7!1s0x4cb29c72aab0ee2d:0x7e9db6b53372fa29!2sPortland,+ME!3b1!8m2!3d43.6590993!4d-70.2568189!16zL20vMGM0a3Y!3m5!1s0x4cb29bb054b3e5cb:0xa3e819bfec6dcb2c!8m2!3d43.7031797!4d-70.3176827!16s%2Fg%2F11hf21hp8r?entry=ttu&g_ep=EgoyMDI0MDgyMS4wIKXMDSoASAFQAw%3D%3D",43.7245079,-70.3217243
"https://www.google.com/maps/place/Ray+%26+Robin's+Hobby+Center/@43.7245079,-70.3217243,14z/data=!4m15!1m8!3m7!1s0x4cb29c72aab0ee2d:0x7e9db6b53372fa29!2sPortland,+ME!3b1!8m2!3d43.6590993!4d-70.2568189!16zL20vMGM0a3Y!3m5!1s0x4cb285253254bb49:0xa557dde30714ca09!8m2!3d43.7364606!4d-70.2951677!16s%2Fg%2F1tdgjw31?entry=ttu&g_ep=EgoyMDI0MDgyMS4wIKXMDSoASAFQAw%3D%3D",43.7245079,-70.3217243
"https://www.google.com/maps/place/J+Brothers+Variety+Store/@43.7762164,-70.3257583,14z/data=!4m15!1m8!3m7!1s0x4cb29c72aab0ee2d:0x7e9db6b53372fa29!2sPortland,+ME!3b1!8m2!3d43.6590993!4d-70.2568189!16zL20vMGM0a3Y!3m5!1s0x4cb28f4d03647077:0xa2b3469904e194dd!8m2!3d43.7973097!4d-70.3068161!16s%2Fg%2F1tm1q1p1?entry=ttu&g_ep=EgoyMDI0MDgyMS4wIKXMDSoASAFQAw%3D%3D",43.7762164,-70.3257583
"https://www.google.com/maps/place/Scott+Dugas+Trucking-Excavating/@43.8276944,-70.21744,14z/data=!4m15!1m8!3m7!1s0x4cb29c72aab0ee2d:0x7e9db6b53372fa29!2sPortland,+ME!3b1!8m2!3d43.6590993!4d-70.2568189!16zL20vMGM0a3Y!3m5!1s0x4cb28720db0315dd:0x9dcb8527b240b62b!8m2!3d43.817227!4d-70.187777!16s%2Fg%2F1thztd5r?entry=ttu&g_ep=EgoyMDI0MDgyMS4wIKXMDSoASAFQAw%3D%3D",43.8276944,-70.21744
"https://www.google.com/maps/place/Tree+Frog+Farm+Dog+Training/@43.8276944,-70.21744,14z/data=!4m15!1m8!3m7!1s0x4cb29c72aab0ee2d:0x7e9db6b53372fa29!2sPortland,+ME!3b1!8m2!3d43.6590993!4d-70.2568189!16zL20vMGM0a3Y!3m5!1s0x4cb2877be7da9e7f:0xcb28a9174867c0d9!8m2!3d43.8481019!4d-70.1906031!16s%2Fg%2F1tf_mxff?entry=ttu&g_ep=EgoyMDI0MDgyMS4wIKXMDSoASAFQAw%3D%3D",43.8276944,-70.21744
"https://www.google.com/maps/place/Lucinda's+Day+Spa+%26+Hair+Studio/@43.7636344,-70.2103161,14z/data=!4m15!1m8!3m7!1s0x4cb29c72aab0ee2d:0x7e9db6b53372fa29!2sPortland,+ME!3b1!8m2!3d43.6590993!4d-70.2568189!16zL20vMGM0a3Y!3m5!1s0x4cb286b3a143be4b:0xbe1f6e269ea9ce73!8m2!3d43.7735763!4d-70.1988926!16s%2Fg%2F1tkktgfg?entry=ttu&g_ep=EgoyMDI0MDgyMS4wIKXMDSoASAFQAw%3D%3D",43.7636344,-70.2103161
"https://www.google.com/maps/place/Doherty's+North+Freeport+Store/@43.92632,-70.1347551,14z/data=!4m15!1m8!3m7!1s0x4cb29c72aab0ee2d:0x7e9db6b53372fa29!2sPortland,+ME!3b1!8m2!3d43.6590993!4d-70.2568189!16zL20vMGM0a3Y!3m5!1s0x4cb27956bd8b00bd:0xc7e4ae0b33abe7c2!8m2!3d43.9167683!4d-70.0899034!16s%2Fg%2F1td7652f?entry=ttu&g_ep=EgoyMDI0MDgyMS4wIKXMDSoASAFQAw%3D%3D",43.92632,-70.1347551
"https://www.google.com/maps/place/Legacy+Emanuel+Medical+Center/@45.5428359,-122.6750115,14z/data=!4m15!1m8!3m7!1s0x54950b0b7da97427:0x1c36b9e6f6d18591!2sPortland,+OR!3b1!8m2!3d45.515232!4d-122.6783853!16s%2Fm%2F02frhbc!3m5!1s0x5495a7442035ee87:0x533a4f815c4994a8!8m2!3d45.5437285!4d-122.6694917!16s%2Fm%2F02qkvvj?entry=ttu&g_ep=EgoyMDI0MDgyMS4wIKXMDSoASAFQAw%3D%3D",45.5428359,-122.6750115
"https://www.google.com/maps/place/Voodoo+Doughnut/@45.5428359,-122.6750115,14z/data=!4m15!1m8!3m7!1s0x54950b0b7da97427:0x1c36b9e6f6d18591!2sPortland,+OR!3b1!8m2!3d45.515232!4d-122.6783853!16s%2Fm%2F02frhbc!3m5!1s0x5495a0ba93c48b87:0x65e3f357bbd909ab!8m2!3d45.5244637!4d-122.6504645!16s%2Fg%2F1tfc69yj?entry=ttu&g_ep=EgoyMDI0MDgyMS4wIKXMDSoASAFQAw%3D%3D",45.5428359,-122.6750115
"https://www.google.com/maps/place/The+Freakybuttrue+Peculiarium+and+Museum/@45.5428359,-122.6750115,14z/data=!4m15!1m8!3m7!1s0x54950b0b7da97427:0x1c36b9e6f6d18591!2sPortland,+OR!3b1!8m2!3d45.515232!4d-122.6783853!16s%2Fm%2F02frhbc!3m5!1s0x549509e4474efa2f:0xcce8ab3bef0a877c!8m2!3d45.5354303!4d-122.6975904!16s%2Fg%2F1tf9y3q_?entry=ttu&g_ep=EgoyMDI0MDgyMS4wIKXMDSoASAFQAw%3D%3D",45.5428359,-122.6750115
"https://www.google.com/maps/place/Shake+Shack+West+End+Portland/@45.5254002,-122.6911476,14z/data=!4m15!1m8!3m7!1s0x54950b0b7da97427:0x1c36b9e6f6d18591!2sPortland,+OR!3b1!8m2!3d45.515232!4d-122.6783853!16s%2Fm%2F02frhbc!3m5!1s0x54950b8bba6b20d1:0x78b10f31e8bda067!8m2!3d45.5226805!4d-122.6815546!16s%2Fg%2F11kj440kl5?entry=ttu&g_ep=EgoyMDI0MDgyMS4wIKXMDSoASAFQAw%3D%3D",45.5254002,-122.6911476
"https://www.google.com/maps/place/The+Good+Dog/@45.5732453,-122.7338055,14z/data=!4m15!1m8!3m7!1s0x54950b0b7da97427:0x1c36b9e6f6d18591!2sPortland,+OR!3b1!8m2!3d45.515232!4d-122.6783853!16s%2Fm%2F02frhbc!3m5!1s0x5495a700590bd153:0xc6fef2acf4ea1623!8m2!3d45.5875961!4d-122.7423217!16s%2Fg%2F11lmbns7xs?entry=ttu&g_ep=EgoyMDI0MDgyMS4wIKXMDSoASAFQAw%3D%3D",45.5732453,-122.7338055
"https://www.google.com/maps/place/Heritage+Village/@45.5256408,-122.8596333,14z/data=!4m15!1m8!3m7!1s0x54950b0b7da97427:0x1c36b9e6f6d18591!2sPortland,+OR!3b1!8m2!3d45.515232!4d-122.6783853!16s%2Fm%2F02frhbc!3m5!1s0x54950f05263429f3:0xa22a36b0b49c3376!8m2!3d45.5187088!4d-122.8626297!16s%2Fg%2F1td6mcfc?entry=ttu&g_ep=EgoyMDI0MDgyMS4wIKXMDSoASAFQAw%3D%3D",45.5256408,-122.8596333
"https://www.google.com/maps/place/Target/@44.1043888,-121.3298393,14z/data=!4m15!1m8!3m7!1s0x54b8c0ffa5d3d251:0x1088e7acc720d1b4!2sBend,+OR!3b1!8m2!3d44.0581728!4d-121.3153096!16zL20vMHpjaGo!3m5!1s0x54b8ced838c02419:0x939ebddf7ba9c66e!8m2!3d44.1043034!4d-121.300913!16s%2Fg%2F1tfql33v?entry=ttu&g_ep=EgoyMDI0MDgyMS4wIKXMDSoASAFQAw%3D%3D",44.1043888,-121.3298393
"https://www.google.com/maps/place/Quality+Inn/@44.1043888,-121.3298393,14z/data=!4m18!1m8!3m7!1s0x54b8c0ffa5d3d251:0x1088e7acc720d1b4!2sBend,+OR!3b1!8m2!3d44.0581728!4d-121.3153096!16zL20vMHpjaGo!3m8!1s0x54b8cee8bdeb830d:0xef896176bf5ab9e1!5m2!4m1!1i2!8m2!3d44.115716!4d-121.293147!16s%2Fg%2F1tf5dghy?entry=ttu&g_ep=EgoyMDI0MDgyMS4wIKXMDSoASAFQAw%3D%3D",44.1043888,-121.3298393
"https://www.google.com/maps/place/Pole+Vault+Academy/@40.3304479,-82.9347186,14z/data=!4m15!1m8!3m7!1s0x8836e97ab54d8ec1:0xe5cd64399c9fd916!2sOhio!3b1!8m2!3d40.4172871!4d-82.907123!16zL20vMDVra2g!3m5!1s0x8838f3e0791b7783:0xfb65dcdb8278375!8m2!3d40.333271!4d-82.94155!16s%2Fg%2F11c1vlb9k7?entry=ttu&g_ep=EgoyMDI0MDgyMS4wIKXMDSoASAFQAw%3D%3D",40.3304479,-82.9347186
"https://www.google.com/maps/place/Travel+Inn/@40.3401964,-83.0899863,14z/data=!4m18!1m8!3m7!1s0x8836e97ab54d8ec1:0xe5cd64399c9fd916!2sOhio!3b1!8m2!3d40.4172871!4d-82.907123!16zL20vMDVra2g!3m8!1s0x8838fb3abcd21c7b:0x50e85f8f249d6dfa!5m2!4m1!1i2!8m2!3d40.3187646!4d-83.0701193!16s%2Fg%2F1tjgq7r3?entry=ttu&g_ep=EgoyMDI0MDgyMS4wIKXMDSoASAFQAw%3D%3D",40.3401964,-83.0899863
"https://www.google.com/maps/place/Kroger/@40.3307096,-83.1062083,14z/data=!4m15!1m8!3m7!1s0x8836e97ab54d8ec1:0xe5cd64399c9fd916!2sOhio!3b1!8m2!3d40.4172871!4d-82.907123!16zL20vMDVra2g!3m5!1s0x8838e4e35bc837c3:0xed727a28a0c30385!8m2!3d40.3128631!4d-83.1102372!16s%2Fg%2F1tg_b4fp?entry=ttu&g_ep=EgoyMDI0MDgyMS4wIKXMDSoASAFQAw%3D%3D",40.3307096,-83.1062083
"https://www.google.com/maps/place/Adams+Family+Haunted+Woods/@40.3532794,-83.4436946,14z/data=!4m15!1m8!3m7!1s0x8836e97ab54d8ec1:0xe5cd64399c9fd916!2sOhio!3b1!8m2!3d40.4172871!4d-82.907123!16zL20vMDVra2g!3m5!1s0x8838d1c809583a4d:0xc5fd9a85953d7c27!8m2!3d40.3619791!4d-83.4305235!16s%2Fg%2F11s5npccgn?entry=ttu&g_ep=EgoyMDI0MDgyMS4wIKXMDSoASAFQAw%3D%3D",40.3532794,-83.4436946
"https://www.google.com/maps/place/Raymond+House+Event+Venue+%26+Recreational+Center/@40.3508593,-83.461719,14z/data=!4m15!1m8!3m7!1s0x8836e97ab54d8ec1:0xe5cd64399c9fd916!2sOhio!3b1!8m2!3d40.4172871!4d-82.907123!16zL20vMDVra2g!3m5!1s0x8838d08dee24953d:0xa6bdb171ff6faf9b!8m2!3d40.3287519!4d-83.4418384!16s%2Fg%2F1tdk17rm?entry=ttu&g_ep=EgoyMDI0MDgyMS4wIKXMDSoASAFQAw%3D%3D",40.3508593,-83.461719
"https://www.google.com/maps/place/Pop's+Pizza+Parlor/@40.3318383,-83.5812812,16z/data=!4m15!1m8!3m7!1s0x8836e97ab54d8ec1:0xe5cd64399c9fd916!2sOhio!3b1!8m2!3d40.4172871!4d-82.907123!16zL20vMDVra2g!3m5!1s0x8838d2d7668c0bef:0x4d4e29fe39f0185e!8m2!3d40.3313229!4d-83.5816826!16s%2Fg%2F1v5_b2s0?entry=ttu&g_ep=EgoyMDI0MDgyMS4wIKXMDSoASAFQAw%3D%3D",40.3318383,-83.5812812
"https://www.google.com/maps/place/Speed+Queen+Laundry/@40.3592293,-83.7419875,16z/data=!4m15!1m8!3m7!1s0x8836e97ab54d8ec1:0xe5cd64399c9fd916!2sOhio!3b1!8m2!3d40.4172871!4d-82.907123!16zL20vMDVra2g!3m5!1s0x883f2f427277a1af:0x21cc65c2c4d0001e!8m2!3d40.3649486!4d-83.7480152!16s%2Fg%2F11cs5wc5pj?entry=ttu&g_ep=EgoyMDI0MDgyMS4wIKXMDSoASAFQAw%3D%3D",40.3592293,-83.7419875
"https://www.google.com/maps/place/Waffle+House/@32.4594439,-93.8270239,17z/data=!4m15!1m8!3m7!1s0x86312a8d1798e91f:0x2ebd2c1687a49cdd!2sShreveport,+LA!3b1!8m2!3d32.5251516!4d-93.7501789!16zL20vMDEzZDd0!3m5!1s0x8636d1f5ab633b5d:0x16a7a0e77b5dfd1c!8m2!3d32.4598563!4d-93.8271859!16s%2Fg%2F1thbx0p7?entry=ttu&g_ep=EgoyMDI0MDgyMS4wIKXMDSoASAFQAw%3D%3D",32.4594439,-93.8270239
"https://www.google.com/maps/place/WHO'S+NEXT%3F+BARBERSHOP+Shreveport+la/@32.4652736,-93.8263479,17z/data=!4m15!1m8!3m7!1s0x86312a8d1798e91f:0x2ebd2c1687a49cdd!2sShreveport,+LA!3b1!8m2!3d32.5251516!4d-93.7501789!16zL20vMDEzZDd0!3m5!1s0x8636d1137f2b36bd:0xcb400de7ea859c7!8m2!3d32.4668087!4d-93.8271223!16s%2Fg%2F11h0vvn8mx?entry=ttu&g_ep=EgoyMDI0MDgyMS4wIKXMDSoASAFQAw%3D%3D",32.4652736,-93.8263479
"https://www.google.com/maps/place/Residence+Inn+Shreveport+Airport/@32.4652736,-93.8263479,17z/data=!4m18!1m8!3m7!1s0x86312a8d1798e91f:0x2ebd2c1687a49cdd!2sShreveport,+LA!3b1!8m2!3d32.5251516!4d-93.7501789!16zL20vMDEzZDd0!3m8!1s0x8636d1f68c232b61:0xc5c106fa1c3b2e62!5m2!4m1!1i2!8m2!3d32.4636874!4d-93.8284412!16s%2Fg%2F1td72cd3?entry=ttu&g_ep=EgoyMDI0MDgyMS4wIKXMDSoASAFQAw%3D%3D",32.4652736,-93.8263479
"https://www.google.com/maps/place/COZY+INN/@32.467437,-93.8294593,17z/data=!4m18!1m8!3m7!1s0x86312a8d1798e91f:0x2ebd2c1687a49cdd!2sShreveport,+LA!3b1!8m2!3d32.5251516!4d-93.7501789!16zL20vMDEzZDd0!3m8!1s0x8636d1f9afff9aff:0xd0d9cfe9540e24ac!5m2!4m1!1i2!8m2!3d32.4701697!4d-93.8279033!16s%2Fg%2F11g1lmnvy8?entry=ttu&g_ep=EgoyMDI0MDgyMS4wIKXMDSoASAFQAw%3D%3D",32.467437,-93.8294593
"https://www.google.com/maps/place/Copart+-+Shreveport/@32.4666405,-93.8325921,17z/data=!4m15!1m8!3m7!1s0x86312a8d1798e91f:0x2ebd2c1687a49cdd!2sShreveport,+LA!3b1!8m2!3d32.5251516!4d-93.7501789!16zL20vMDEzZDd0!3m5!1s0x8636d1ef02489e51:0x39b9a9d2e418a1d1!8m2!3d32.4652601!4d-93.8366407!16s%2Fg%2F1tkf1bpk?entry=ttu&g_ep=EgoyMDI0MDgyMS4wIKXMDSoASAFQAw%3D%3D",32.4666405,-93.8325921
"https://www.google.com/maps/place/Homes+of+America/@32.4818917,-93.8840262,17z/data=!4m15!1m8!3m7!1s0x86312a8d1798e91f:0x2ebd2c1687a49cdd!2sShreveport,+LA!3b1!8m2!3d32.5251516!4d-93.7501789!16zL20vMDEzZDd0!3m5!1s0x8636cfde148e7883:0x2791f6c398328a9c!8m2!3d32.481656!4d-93.8839617!16s%2Fg%2F1tdn912p?entry=ttu&g_ep=EgoyMDI0MDgyMS4wIKXMDSoASAFQAw%3D%3D",32.4818917,-93.8840262
"https://www.google.com/maps/place/Walgreens+Pharmacy/@32.4787629,-93.8685625,17z/data=!3m1!4b1!4m6!3m5!1s0x8636cf2eab92b753:0x177955669a29d52!8m2!3d32.4787584!4d-93.8659876!16s%2Fg%2F11vwzf3h10?entry=ttu&g_ep=EgoyMDI0MDgyMS4wIKXMDSoASAFQAw%3D%3D",32.4787629,-93.8685625
"https://www.google.com/maps/place/K+%26+B+Drug+Store/@32.4756666,-93.8005145,17z/data=!3m1!4b1!4m6!3m5!1s0x8636d276c1139e25:0xc928377a2a49aa0!8m2!3d32.4756621!4d-93.7979396!16s%2Fg%2F1tz76bqk?entry=ttu&g_ep=EgoyMDI0MDgyMS4wIKXMDSoASAFQAw%3D%3D",32.4756666,-93.8005145
"https://www.google.com/maps/place/McDonald's/@32.4756666,-93.8005145,17z/data=!4m14!1m7!3m6!1s0x8636d276c1139e25:0xc928377a2a49aa0!2sK+%26+B+Drug+Store!8m2!3d32.4756621!4d-93.7979396!16s%2Fg%2F1tz76bqk!3m5!1s0x8636d276ca17cf69:0xa48c0b47224c3f1c!8m2!3d32.4751038!4d-93.7983567!16s%2Fg%2F1tdhm5x5?entry=ttu&g_ep=EgoyMDI0MDgyMS4wIKXMDSoASAFQAw%3D%3D",32.4756666,-93.8005145
"https://www.google.com/maps/place/China+Hat+Chinese+Restaurant/@32.4756666,-93.8005145,17z/data=!4m14!1m7!3m6!1s0x8636d276c1139e25:0xc928377a2a49aa0!2sK+%26+B+Drug+Store!8m2!3d32.4756621!4d-93.7979396!16s%2Fg%2F1tz76bqk!3m5!1s0x8636d27651bc641b:0x46df4fb5eb3e6313!8m2!3d32.4777608!4d-93.7976181!16s%2Fg%2F1tfx57__?entry=ttu&g_ep=EgoyMDI0MDgyMS4wIKXMDSoASAFQAw%3D%3D",32.4756666,-93.8005145
"https://www.google.com/maps/place/Liquor+Town/@32.4833054,-93.7977787,17z/data=!4m14!1m7!3m6!1s0x8636d276c1139e25:0xc928377a2a49aa0!2sK+%26+B+Drug+Store!8m2!3d32.4756621!4d-93.7979396!16s%2Fg%2F1tz76bqk!3m5!1s0x8636cd891d70fea5:0xa2cf588952ccafe3!8m2!3d32.4839759!4d-93.7968451!16s%2Fg%2F1tdlhp26?entry=ttu&g_ep=EgoyMDI0MDgyMS4wIKXMDSoASAFQAw%3D%3D",32.4833054,-93.7977787
"https://www.google.com/maps/place/Liquor+Town/@32.4833054,-93.7977787,17z/data=!4m14!1m7!3m6!1s0x8636d276c1139e25:0xc928377a2a49aa0!2sK+%26+B+Drug+Store!8m2!3d32.4756621!4d-93.7979396!16s%2Fg%2F1tz76bqk!3m5!1s0x8636cd891d70fea5:0xa2cf588952ccafe3!8m2!3d32.4839759!4d-93.7968451!16s%2Fg%2F1tdlhp26?entry=ttu&g_ep=EgoyMDI0MDgyMS4wIKXMDSoASAFQAw%3D%3D",32.4833054,-93.7977787
"https://www.google.com/maps/place/Walmart+Supercenter/@28.480365,-81.4443786,14z/data=!4m6!3m5!1s0x88e77c696b19638b:0x9c2d74257afd3e5e!8m2!3d28.4749117!4d-81.3992204!16s%2Fg%2F1yg6c_7bg?entry=ttu&g_ep=EgoyMDI0MDgyMS4wIKXMDSoASAFQAw%3D%3D",28.480365,-81.4443786
"https://www.google.com/maps/place/7-Eleven/@28.9400712,-81.4374907,16z/data=!4m6!3m5!1s0x88e70919a08bb511:0x88124345ca4685b3!8m2!3d28.9401984!4d-81.4314394!16s%2Fg%2F11y3s5ygbk?entry=ttu&g_ep=EgoyMDI0MDgyMS4wIKXMDSoASAFQAw%3D%3D",28.9400712,-81.4374907
"https://www.google.com/maps/place/Ace+Appliance+AC+Coating+%26+Service,+LLC/@29.2375671,-81.4799661,14z/data=!4m6!3m5!1s0x88e6c4be4258a8ff:0x857e32b7060206f7!8m2!3d29.2442081!4d-81.47319!16s%2Fg%2F11crznr9nx?entry=ttu&g_ep=EgoyMDI0MDgyMS4wIKXMDSoASAFQAw%3D%3D",29.2375671,-81.4799661
"https://www.google.com/maps/place/Sams+Gas/@29.4043741,-81.5258856,14z/data=!4m6!3m5!1s0x88e6f61942c70001:0xb1ed2c85ae515f9b!8m2!3d29.4072231!4d-81.5089899!16s%2Fg%2F11hy9nv650?entry=ttu&g_ep=EgoyMDI0MDgyMS4wIKXMDSoASAFQAw%3D%3D",29.4043741,-81.5258856
"https://www.google.com/maps/place/SSE+Strawberries/@29.4374934,-81.5244264,14z/data=!4m8!3m7!1s0x88e658ca3020c469:0x2b593dd964d0aa5!8m2!3d29.4214992!4d-81.5406259!9m1!1b1!16s%2Fg%2F12lkls4np?entry=ttu&g_ep=EgoyMDI0MDgyMS4wIKXMDSoASAFQAw%3D%3D",29.4374934,-81.5244264
"https://www.google.com/maps/place/Walmart+Supercenter/@29.6325506,-81.6699953,14z/data=!4m6!3m5!1s0x88e665f21ebe5a1b:0x225a6cfc094d9e63!8m2!3d29.637619!4d-81.6807331!16s%2Fg%2F1tftxscc?entry=ttu&g_ep=EgoyMDI0MDgyMS4wIKXMDSoASAFQAw%3D%3D",29.6325506,-81.6699953